TermID	Name	Value	LogSize	Frequency	Uniqueness	Dispensability	PC_0	PC_1	Representative
"GO:0005576"	"extracellular region"	-1.9610620809613801	5.89316121084146	2.9954121657290007	0.9999257483177401	3.26E-05	-0.2726404559914988	-6.558084402869592	null
"GO:0005615"	"extracellular space"	-1.9610620809613801	5.24462342843235	0.6728478820341237	0.9999322353979914	5.793E-05	5.512509664321629	1.6504847197887753	null
"GO:0005788"	"endoplasmic reticulum lumen"	-1.8941152913307668	4.344706581266698	0.08471940122173689	0.859617766388128	0.13240165	-3.0704151762410996	5.4503581759268105	null
"GO:0009986"	"cell surface"	-1.9375809838580116	4.7334219804439055	0.20735279357580616	0.9999371934340395	5.089E-05	4.244803322716356	-3.4525257428089957	null
"GO:0016010"	"dystrophin-associated glycoprotein complex"	-1.9375809838580116	3.832253370197008	0.026030672905344887	0.902309239445743	4.191E-05	-5.088868663140507	-2.681219326805768	null
"GO:0016222"	"procollagen-proline 4-dioxygenase complex"	-1.8429627688833856	1.806179973983887	0.00024134398720187316	0.7882474177362077	0.37735141	-4.665831603980537	3.1353700716262445	null
"GO:0035686"	"sperm fibrous sheath"	-1.9610620809613801	2.374748346010104	0.0009040822377720961	0.9344516519530219	0	1.8750985050273326	6.23044044995401	null
"GO:0090665"	"glycoprotein complex"	-1.9375809838580116	3.84060787900929	0.02653634602138691	0.9023175992396678	0.19713053	-6.903021871544995	-0.9897523984707756	null
