TermID	Name	Value	LogSize	Frequency	Uniqueness	Dispensability	PC_0	PC_1	Representative
"GO:0005790"	"smooth endoplasmic reticulum"	-2.9067044186387876	2.792391689498254	0.002371300445681896	1	0	0	10	null
"GO:0044232"	"organelle membrane contact site"	-1.8361233443530802	3.9334366678262804	0.03286109082885187	1	0.09995648	10	0	null
